model_name,fold_name,train_start,train_end,validation_start,validation_end,train_purged_dates,train_full_rows,train_after_purged_rows,validation_rows,train_full_dates,train_after_purged_dates,validation_dates,training_seconds,MAE,RMSE,R2,MeanDailyIC,MedianDailyIC,MeanDailySpreadReturn,MedianDailySpreadReturn,DailySpreadReturnStd,SpreadSharpeRatio
baseline_momentum20,validate_2018,2017-01-04,2017-12-29,2018-01-04,2018-12-28,"['2017-12-28', '2017-12-29']",463722,459695,467671,247,245,245,0.0,0.07627438796535004,0.01585417392936435,-25.791748462326314,-0.006222953105744551,-0.0034072201411708782,-0.0792225865064631,0.05690771003462042,1.668201370901439,-0.04748982220512979
hist_gradient_boosting,validate_2018,2017-01-04,2017-12-29,2018-01-04,2018-12-28,"['2017-12-28', '2017-12-29']",463722,459695,467671,247,245,245,7.47088269982487,0.016473232948810274,0.0006026636988628199,-0.01843301954712495,0.0035320334763742933,0.0035136355898877395,0.2546552122819172,0.23497381074932178,1.5318127847742111,0.16624434448721048
ridge,validate_2018,2017-01-04,2017-12-29,2018-01-04,2018-12-28,"['2017-12-28', '2017-12-29']",463722,459695,467671,247,245,245,5.6615480000618845,0.016458707049310385,0.0006030328193994584,-0.019056791218481584,-0.011625319046126245,-0.007368662637797029,0.12154457920101634,0.19985093136207244,2.0176583453512476,0.06024041656064275
baseline_momentum20,validate_2019,2017-01-04,2018-12-28,2019-01-04,2019-12-30,"['2018-12-27', '2018-12-28']",931394,927298,468295,492,490,241,0.0,0.07158555822452155,0.012366918417587454,-26.540884334827556,-0.015596642579115421,-0.015322810761729512,-0.14607000299173584,-0.09712517185277308,1.4551545663122842,-0.100381091035513
hist_gradient_boosting,validate_2019,2017-01-04,2018-12-28,2019-01-04,2019-12-30,"['2018-12-27', '2018-12-28']",931394,927298,468295,492,490,241,21.741276199929416,0.014460647741735102,0.00046539678415408815,-0.03642949434842979,0.010784634431977724,0.012897626725295323,0.28224268250158535,0.22280282204938015,1.327823020412127,0.21256046789577682
ridge,validate_2019,2017-01-04,2018-12-28,2019-01-04,2019-12-30,"['2018-12-27', '2018-12-28']",931394,927298,468295,492,490,241,9.928285399917513,0.014312629438536907,0.0004541334397177878,-0.011346247587270542,0.00414081509010457,0.014533581528621109,0.1195217203865293,0.24014372174487725,1.5566363182154488,0.07678204535504529
baseline_momentum20,validate_2020,2017-01-04,2019-12-30,2020-01-06,2020-12-30,"['2019-12-27', '2019-12-30']",1399689,1395521,480840,733,731,243,0.0,0.09560846788082884,0.020261524112856543,-23.138723725690024,0.004569903481816125,0.0027270354710352065,0.03308006348593209,0.07671766577786965,3.543512542384694,0.009335387723411316
hist_gradient_boosting,validate_2020,2017-01-04,2019-12-30,2020-01-06,2020-12-30,"['2019-12-27', '2019-12-30']",1399689,1395521,480840,733,731,243,31.044963400112465,0.020045162403576886,0.0008694738091638784,-0.0358543586961797,0.016208777984849897,0.017751495329925964,0.4322237170344277,0.5166976484753105,2.108342137255053,0.20500644055673028
ridge,validate_2020,2017-01-04,2019-12-30,2020-01-06,2020-12-30,"['2019-12-27', '2019-12-30']",1399689,1395521,480840,733,731,243,16.528691199840978,0.019661179770721696,0.0008345241300401604,0.005783212296499585,0.005733220649879835,0.011361369266643396,0.39243468704417683,0.3493967718298352,3.5154005882048196,0.11163299237102825
